Time (sec),Rotation_X (deg),Height_Z (mm)
0.333,0.000,0.000
0.400,0.000,0.000
0.533,0.000,0.000
0.567,0.000,0.000
0.600,-0.010,0.010
0.767,-0.012,0.012
1.033,-0.012,0.012
1.067,-0.011,0.009
1.300,-0.015,0.014
1.333,-0.015,0.014
1.500,-0.012,0.009
1.600,-0.012,0.009
1.633,-0.014,0.010
1.667,-0.014,0.010
1.700,-0.014,0.010
1.767,-0.014,0.010
1.800,-0.018,0.015
1.867,-0.019,0.017
2.100,-0.019,0.017
2.167,-0.029,0.028
2.200,-0.039,0.038
2.233,-0.043,0.042
2.267,-0.043,0.042
2.300,-0.042,0.037
2.333,-0.042,0.037
2.533,-0.042,0.037
2.567,-0.042,0.037
2.600,-0.048,0.047
2.700,-0.048,0.047
2.733,-0.048,0.044
2.767,-0.048,0.044
2.833,-0.048,0.044
2.933,-0.048,0.044
2.967,-0.048,0.044
3.033,-0.048,0.044
3.067,-0.048,0.044
3.100,-0.046,0.042
3.133,-0.046,0.042
3.767,-0.052,0.046
3.833,-0.052,0.046
3.867,-0.052,0.046
4.167,-0.052,0.047
4.533,-0.052,0.047
4.567,0.844,1.629
4.600,0.844,1.629
4.633,0.844,1.629
4.667,1.637,3.062
4.700,1.637,3.062
4.733,1.637,3.062
4.767,1.637,3.062
4.800,2.298,4.236
4.833,2.298,4.236
4.867,2.298,4.236
4.900,2.298,4.236
4.933,2.827,5.159
4.967,3.288,5.977
5.000,3.689,6.673
5.033,3.689,6.673
5.067,3.689,6.673
5.100,3.689,6.673
5.133,3.689,6.673
5.167,3.689,6.673
5.233,3.689,6.917
5.267,3.689,6.917
5.300,3.897,7.243
5.333,4.058,7.515
5.367,4.058,7.855
5.400,4.058,7.855
5.433,4.058,7.855
5.467,4.058,7.855
5.500,4.058,7.855
5.533,4.058,7.855
5.567,4.058,7.855
5.600,4.087,7.812
5.633,4.087,7.812
5.667,4.099,7.798
5.700,4.099,7.798
5.733,4.099,8.646
5.767,4.058,8.421
5.800,4.058,8.421
5.833,3.982,8.179
5.867,3.901,7.945
5.967,3.901,7.945
7.133,3.901,7.945
7.167,3.273,6.713
7.333,2.693,5.583
7.467,2.693,5.583
7.500,2.164,4.565
7.533,1.693,3.652
7.567,1.693,3.652
7.633,1.270,2.820
7.667,0.887,2.068
7.767,0.887,2.068
7.800,0.535,1.381
7.867,0.535,1.381
7.900,0.535,1.381
7.933,0.535,1.381
7.967,0.535,1.381
8.000,0.535,1.381
8.033,0.535,1.381
8.067,0.535,1.381
8.100,0.535,1.381
8.133,0.535,1.381
8.167,0.535,1.381
8.200,0.535,1.381
8.233,0.535,1.381
8.267,0.203,0.720
8.300,0.203,0.720
8.333,0.203,0.720
8.367,-0.092,0.117
8.400,-0.092,0.117
8.433,-0.092,0.117
8.467,-0.092,0.117
8.500,-0.372,-0.418
8.533,-0.372,-0.418
8.567,-0.621,-0.899
8.600,-0.621,-0.899
8.633,-0.621,-0.899
8.667,-0.621,-0.899
8.700,-0.621,-0.899
8.733,-0.854,-1.331
8.767,-0.854,-1.331
8.800,-0.854,-1.331
8.833,-1.055,-1.721
8.867,-1.236,-2.071
8.900,-1.236,-2.071
8.933,-1.236,-2.071
8.967,-1.415,-2.377
9.000,-1.415,-2.377
9.033,-1.557,-2.674
9.067,-1.691,-2.939
9.100,-1.823,-3.174
9.133,-1.823,-3.174
9.167,-1.823,-3.174
9.200,-1.823,-3.174
9.233,-1.823,-3.174
9.267,-1.823,-3.174
9.300,-1.823,-3.174
9.333,-2.004,-3.321
9.367,-2.004,-3.321
9.400,-2.004,-3.321
9.433,-2.113,-3.505
9.467,-2.113,-3.505
9.500,-2.113,-3.505
9.533,-2.261,-3.632
9.567,-2.261,-3.632
9.600,-2.355,-3.781
9.633,-2.438,-3.925
9.667,-2.438,-3.925
9.700,-2.438,-3.925
9.733,-2.438,-3.925
9.767,-2.438,-3.925
9.800,-2.438,-3.925
9.833,-2.514,-4.065
9.867,-2.542,-4.284
9.900,-2.542,-4.284
9.933,-2.542,-4.284
9.967,-2.542,-4.284
10.000,-2.615,-4.388
10.033,-2.679,-4.489
10.067,-2.679,-4.489
10.100,-2.679,-4.489
10.133,-2.732,-4.577
10.167,-2.776,-4.658
10.200,-2.817,-4.729
10.233,-2.817,-4.729
10.267,-2.817,-4.729
10.300,-2.873,-4.761
10.333,-2.905,-4.805
10.367,-2.905,-4.805
10.400,-2.905,-4.805
10.433,-2.905,-4.805
10.467,-2.905,-4.805
10.500,-2.940,-4.838
10.533,-2.940,-4.838
10.567,-2.940,-4.838
10.600,-2.981,-4.844
10.633,-2.981,-4.844
10.667,-2.981,-4.844
10.700,-2.981,-4.844
10.733,-2.981,-4.844
10.767,-2.981,-4.844
10.800,-3.013,-4.859
10.833,-3.013,-4.859
10.867,-3.052,-4.854
10.900,-3.052,-4.854
10.933,-3.091,-4.856
10.967,-3.091,-4.856
11.000,-3.127,-4.866
11.033,-3.127,-4.866
11.067,-3.127,-4.866
11.100,-3.127,-4.866
11.133,-3.127,-4.866
11.167,-3.127,-4.866
11.200,-3.127,-4.866
11.233,-3.127,-4.866
11.267,-3.151,-4.876
11.300,-3.151,-4.876
11.333,-3.151,-4.876
11.367,-3.177,-4.879
11.400,-3.198,-4.876
11.433,-3.220,-4.878
11.467,-3.220,-4.878
11.500,-3.220,-4.878
11.533,-3.220,-4.878
11.567,-3.246,-4.879
11.600,-3.246,-4.879
11.633,-3.269,-4.880
11.667,-3.294,-4.875
11.700,-3.294,-4.875
11.733,-3.294,-4.875
11.767,-3.294,-4.875
11.800,-3.317,-4.874
11.833,-3.317,-4.874
11.867,-3.342,-4.872
11.900,-3.342,-4.872
11.933,-3.342,-4.872
11.967,-3.342,-4.872
12.000,-3.368,-4.866
12.033,-3.388,-4.864
12.067,-3.388,-4.864
12.100,-3.388,-4.864
12.133,-3.388,-4.864
12.167,-3.408,-4.869
12.200,-3.408,-4.869
12.233,-3.427,-4.871
12.267,-3.441,-4.868
12.300,-3.456,-4.866
12.333,-3.456,-4.866
12.367,-3.456,-4.866
12.400,-3.472,-4.870
12.433,-3.486,-4.866
12.467,-3.486,-4.866
12.500,-3.496,-4.868
12.533,-3.496,-4.868
12.567,-3.496,-4.868
12.600,-3.496,-4.868
12.633,-3.496,-4.868
12.667,-3.500,-4.837
12.700,-3.506,-4.795
12.733,-3.506,-4.795
12.767,-3.509,-4.749
12.800,-3.506,-4.717
12.833,-3.506,-4.717
12.867,-3.507,-4.689
12.900,-3.515,-4.661
12.933,-3.515,-4.640
12.967,-3.515,-4.640
13.000,-3.515,-4.640
13.033,-3.515,-4.640
13.067,-3.515,-4.640
13.100,-3.512,-4.622
13.133,-3.512,-4.622
13.167,-3.512,-4.622
13.200,-3.504,-4.611
13.233,-3.504,-4.611
13.267,-3.494,-4.612
13.300,-3.494,-4.612
13.333,-3.494,-4.612
13.367,-3.494,-4.612
13.400,-3.494,-4.612
13.433,-3.494,-4.612
13.467,-3.494,-4.612
13.500,-3.482,-4.608
13.533,-3.482,-4.608
13.567,-3.474,-4.605
13.600,-3.468,-4.608
13.633,-3.463,-4.605
13.667,-3.464,-4.596
13.700,-3.464,-4.596
13.733,-3.464,-4.596
13.767,-3.464,-4.596
13.800,-3.464,-4.591
13.833,-3.456,-4.599
13.867,-3.456,-4.599
13.900,-3.456,-4.599
13.933,-3.444,-4.598
13.967,-3.444,-4.598
14.000,-3.444,-4.598
14.033,-3.428,-4.601
14.067,-3.417,-4.601
14.100,-3.403,-4.599
14.133,-3.403,-4.599
14.167,-3.387,-4.596
14.200,-3.371,-4.595
14.233,-3.371,-4.595
14.267,-3.361,-4.593
14.300,-3.356,-4.587
14.333,-3.356,-4.587
14.367,-3.349,-4.589
14.400,-3.349,-4.589
14.433,-3.340,-4.591
14.467,-3.334,-4.594
14.500,-3.334,-4.594
14.533,-3.326,-4.600
14.567,-3.326,-4.600
14.600,-3.320,-4.598
14.633,-3.320,-4.598
14.667,-3.321,-4.595
14.700,-3.321,-4.595
14.733,-3.316,-4.599
14.767,-3.314,-4.598
14.800,-3.314,-4.598
14.833,-3.308,-4.599
14.867,-3.308,-4.599
14.900,-3.302,-4.604
14.933,-3.302,-4.604
14.967,-3.293,-4.612
15.000,-3.293,-4.612
15.033,-3.293,-4.612
15.067,-3.293,-4.612
15.100,-3.284,-4.621
15.133,-3.284,-4.621
15.167,-3.284,-4.621
15.200,-3.284,-4.621
15.233,-3.277,-4.633
15.267,-3.277,-4.643
15.300,-3.275,-4.647
15.333,-3.275,-4.647
15.367,-3.275,-4.647
15.400,-3.275,-4.647
15.433,-3.269,-4.646
15.467,-3.269,-4.646
15.500,-3.269,-4.646
15.533,-3.269,-4.646
15.567,-3.269,-4.646
15.600,-3.269,-4.646
15.633,-3.269,-4.646
15.667,-3.258,-4.657
15.700,-3.258,-4.657
15.733,-3.247,-4.665
15.767,-3.247,-4.665
15.800,-3.239,-4.672
15.833,-3.239,-4.672
15.867,-3.239,-4.672
15.900,-3.239,-4.672
15.933,-3.239,-4.672
15.967,-3.239,-4.672
16.000,-3.239,-4.672
16.033,-3.239,-4.672
16.067,-3.227,-4.678
16.100,-3.221,-4.686
16.133,-3.216,-4.686
16.167,-3.211,-4.693
16.200,-3.210,-4.689
16.233,-3.210,-4.689
16.267,-3.210,-4.689
16.300,-3.203,-4.687
16.333,-3.196,-4.678
16.367,-3.196,-4.678
16.400,-3.183,-4.674
16.433,-3.171,-4.663
16.467,-3.171,-4.663
16.500,-3.171,-4.663
16.533,-3.171,-4.663
16.567,-3.171,-4.663
16.600,-3.160,-4.651
16.633,-3.160,-4.651
16.667,-3.160,-4.651
16.700,-3.160,-4.651
16.733,-3.160,-4.651
16.767,-3.156,-4.632
16.800,-3.156,-4.632
16.833,-3.156,-4.632
16.867,-3.156,-4.632
16.900,-3.156,-4.632
16.933,-3.156,-4.632
16.967,-3.149,-4.618
17.000,-3.140,-4.609
17.033,-3.126,-4.608
17.067,-3.126,-4.608
17.100,-3.116,-4.604
17.133,-3.116,-4.604
17.167,-3.116,-4.604
17.200,-3.110,-4.598
17.233,-3.104,-4.593
17.267,-3.104,-4.593
17.300,-3.104,-4.593
17.333,-3.094,-4.593
17.367,-3.094,-4.593
17.400,-3.094,-4.593
17.433,-3.094,-4.593
17.467,-3.094,-4.593
17.500,-3.087,-4.591
17.533,-3.087,-4.591
17.567,-3.087,-4.591
17.600,-3.084,-4.585
17.633,-3.084,-4.585
17.667,-3.080,-4.579
17.700,-3.078,-4.573
17.733,-3.074,-4.571
17.767,-3.074,-4.571
17.800,-3.074,-4.571
17.833,-3.074,-4.571
17.867,-3.072,-4.566
17.900,-3.070,-4.561
17.933,-3.068,-4.559
17.967,-3.068,-4.559
18.000,-3.059,-4.561
18.033,-3.059,-4.561
18.067,-3.062,-4.559
18.100,-3.064,-4.557
18.133,-3.063,-4.559
18.167,-3.063,-4.559
18.200,-3.065,-4.554
18.233,-3.065,-4.554
18.267,-3.065,-4.554
18.300,-3.065,-4.554
18.333,-3.065,-4.554
18.367,-3.065,-4.554
18.400,-3.060,-4.552
18.433,-3.058,-4.547
18.467,-3.066,-4.537
18.500,-3.066,-4.537
18.533,-3.066,-4.537
18.567,-3.061,-4.547
18.600,-3.061,-4.547
18.633,-3.057,-4.553
18.667,-3.057,-4.553
18.700,-3.057,-4.553
18.733,-3.057,-4.553
18.767,-3.057,-4.553
18.800,-3.057,-4.553
18.833,-3.057,-4.553
18.867,-3.057,-4.553
18.900,-3.057,-4.553
18.933,-3.046,-4.622
18.967,-3.038,-4.683
19.000,-3.026,-4.745
19.033,-3.051,-4.836
19.067,-3.037,-4.869
19.100,-3.021,-4.903
19.133,-3.021,-4.903
19.167,-3.021,-4.903
19.200,-3.010,-4.928
19.233,-3.010,-4.928
19.267,-3.010,-4.928
19.300,-3.010,-4.928
19.333,-2.999,-4.955
19.367,-2.995,-4.973
19.400,-2.992,-4.987
19.433,-2.981,-5.010
19.467,-2.975,-5.028
19.500,-2.971,-5.040
19.533,-2.971,-5.040
19.567,-2.973,-5.046
19.600,-2.972,-5.054
19.633,-2.972,-5.054
19.667,-2.977,-5.056
19.700,-2.977,-5.056
19.733,-2.978,-5.059
19.767,-2.978,-5.059
19.800,-2.964,-5.063
19.833,-2.964,-5.063
19.867,-2.964,-3.097
19.900,-2.964,-3.097
19.933,-2.964,-3.097
19.967,-2.964,-3.097
20.000,-2.956,-3.297
20.033,-2.956,-3.297
20.067,-2.956,-3.297
20.100,-2.956,-3.297
20.133,-2.956,-3.297
20.167,-2.956,-3.297
20.200,-2.951,-3.481
20.233,-2.939,-3.645
20.267,-2.939,-3.645
20.300,-2.939,-3.645
20.333,-2.926,-3.793
20.367,-2.926,-3.793
20.400,-2.926,-3.793
20.433,-2.926,-3.793
20.467,-2.926,-3.793
20.500,-2.913,-3.918
20.533,-2.913,-3.918
20.567,-2.913,-3.918
20.600,-2.913,-3.918
20.633,-2.913,-3.918
20.667,-2.913,-3.918
20.700,-2.913,-3.918
20.733,-2.913,-3.918
20.767,-2.913,-3.918
20.800,-2.897,-4.038
20.833,-2.897,-4.038
20.867,-2.887,-4.144
20.900,-2.887,-4.144
20.933,-2.887,-4.144
20.967,-2.887,-4.144
21.000,-2.887,-4.144
21.033,-2.887,-4.144
21.067,-2.887,-4.144
21.100,-2.887,-4.144
21.133,-2.887,-4.144
21.167,-2.887,-4.144
21.200,-2.890,-4.257
21.233,-2.890,-4.257
21.267,-2.890,-4.257
21.300,-2.890,-4.257
21.333,-2.890,-4.257
21.367,-2.890,-4.257
21.400,-2.890,-4.257
21.433,-2.890,-4.257
21.467,-2.895,-4.373
21.500,-2.895,-4.373
21.533,-2.899,-4.474
21.567,-2.899,-4.474
21.600,-2.899,-4.474
21.633,-2.899,-4.474
21.667,-2.905,-4.573
21.700,-2.905,-4.573
21.733,-2.912,-4.664
21.767,-2.912,-4.664
21.800,-2.915,-4.735
21.833,-2.918,-4.800
21.867,-2.918,-4.800
21.900,-2.918,-4.800
21.933,-2.918,-4.800
21.967,-2.933,-4.848
22.000,-2.938,-4.901
22.033,-2.942,-4.947
22.067,-2.942,-4.947
22.100,-2.944,-4.992
22.133,-2.950,-5.030
22.167,-2.950,-5.030
22.200,-2.950,-5.030
22.233,-2.950,-5.030
22.267,-2.950,-5.030
22.300,-2.950,-5.030
22.333,-2.950,-5.030
22.367,-2.950,-5.030
22.400,-2.948,-5.067
22.433,-2.948,-5.067
22.467,-2.948,-5.067
22.500,-2.949,-5.101
22.533,-2.949,-5.101
22.567,-2.949,-5.101
22.600,-2.955,-5.128
22.633,-2.958,-5.158
22.667,-2.967,-5.179
22.700,-2.972,-5.203
22.733,-2.972,-5.203
22.767,-2.972,-5.203
22.800,-2.973,-5.224
22.833,-2.973,-5.224
22.867,-2.973,-5.224
22.900,-2.987,-5.242
22.933,-2.994,-5.265
22.967,-2.994,-5.265
23.000,-2.999,-5.279
23.033,-3.008,-5.289
23.067,-3.017,-5.297
23.100,-3.017,-5.297
23.133,-3.017,-5.297
23.167,-3.018,-5.313
23.200,-3.024,-5.317
23.233,-3.024,-5.317
23.267,-3.020,-5.318
23.300,-3.018,-5.315
23.333,-3.018,-5.315
23.367,-3.018,-5.315
23.400,-3.018,-5.315
23.433,-3.018,-5.315
23.467,-3.018,-5.315
23.500,-3.018,-5.315
23.533,-3.013,-5.310
23.567,-3.014,-5.299
23.600,-3.014,-5.299
23.633,-3.014,-5.299
23.667,-3.017,-5.288
23.700,-3.017,-5.288
23.733,-3.023,-5.277
23.767,-3.023,-5.277
23.800,-3.027,-5.284
23.833,-3.027,-5.284
23.867,-3.027,-5.292
23.900,-3.027,-5.292
23.933,-3.031,-5.287
23.967,-3.032,-5.285
24.000,-3.037,-5.274
24.033,-3.037,-5.274
24.067,-3.037,-5.274
24.100,-3.037,-5.274
24.133,-3.037,-5.274
24.167,-3.037,-5.274
24.200,-3.033,-5.270
24.233,-3.033,-5.270
24.267,-3.033,-5.270
24.300,-3.037,-5.255
24.333,-3.036,-5.243
24.367,-3.033,-5.236
24.400,-3.023,-5.234
24.500,-3.017,-5.226
24.533,-3.017,-5.226
24.567,-3.018,-5.208
24.600,-3.025,-5.196
24.633,-3.027,-5.185
24.667,-3.027,-5.185
24.700,-3.027,-5.185
24.733,-3.027,-5.185
24.767,-3.027,-5.185
24.800,-3.027,-5.185
24.833,-3.027,-5.185
24.867,-3.027,-5.185
24.900,-3.021,-5.170
24.933,-3.021,-5.170
25.000,-3.021,-5.170
25.033,-3.021,-5.170
25.100,-3.012,-5.150
25.167,-3.012,-5.150
25.200,-3.012,-5.150
25.233,-3.012,-5.150
25.267,-3.018,-5.158
25.300,-3.025,-5.163
25.333,-3.025,-5.163
25.367,-3.029,-5.167
25.400,-3.029,-5.167
25.433,-3.029,-5.167
25.467,-3.029,-5.167
25.500,-3.029,-5.167
25.533,-3.029,-5.167
25.567,-3.029,-5.167
25.600,-3.029,-5.167
25.633,-3.029,-5.167
25.667,-3.031,-5.167
25.700,-3.037,-5.163
25.733,-3.037,-5.163
25.767,-3.037,-5.163
25.800,-3.037,-5.163
25.833,-3.037,-5.163
25.867,-3.036,-5.139
25.900,-3.036,-5.139
25.933,-3.031,-5.109
25.967,-3.031,-5.109
26.000,-3.026,-5.083
26.033,-3.026,-5.083
26.200,-3.017,-5.048
26.267,-3.003,-5.021
26.300,-2.996,-4.987
26.333,-2.987,-4.959
26.367,-2.976,-4.931
26.433,-2.976,-4.931
26.467,-2.976,-4.931
26.500,-2.976,-4.931
26.533,-2.976,-4.931
26.567,-2.976,-4.931
26.600,-2.976,-4.931
26.633,-2.976,-4.931
26.667,-2.968,-4.916
26.700,-2.968,-4.916
26.733,-2.966,-4.913
26.767,-2.966,-4.913
26.800,-2.966,-4.913
26.833,-2.966,-4.913
26.867,-2.966,-4.913
26.900,-2.966,-4.913
26.933,-2.966,-4.913
26.967,-2.966,-4.913
27.000,-2.966,-4.913
27.033,-2.966,-4.913
27.067,-2.955,-4.907
27.100,-2.955,-4.907
27.133,-2.955,-4.907
27.167,-2.955,-4.907
27.200,-2.955,-4.907
27.233,-2.958,-4.906
27.267,-2.958,-4.907
27.300,-2.955,-4.914
27.333,-2.955,-4.914
27.367,-2.955,-4.914
27.400,-2.954,-4.916
27.433,-2.950,-4.917
27.467,-2.940,-4.929
27.500,-2.940,-4.929
27.533,-2.940,-4.929
27.567,-2.940,-4.929
27.600,-2.940,-4.929
27.667,-2.940,-4.929
27.700,-2.940,-4.929
27.733,-2.940,-4.929
27.767,-2.940,-4.929
27.800,-2.940,-4.929
27.833,-2.940,-4.929
27.867,-2.940,-4.929
27.900,-2.940,-4.929
27.933,-2.940,-4.929
27.967,-2.930,-4.947
28.000,-2.917,-4.964
28.033,-2.911,-4.977
28.067,-2.898,-4.992
28.100,-2.898,-4.992
28.133,-2.890,-5.004
28.167,-2.890,-5.004
28.200,-2.890,-5.004
28.233,-2.895,-5.008
28.267,-2.885,-5.023
28.300,-2.885,-5.023
28.333,-2.885,-5.023
28.367,-2.869,-5.041
28.400,-2.871,-5.061
28.433,-2.867,-5.078
28.467,-2.862,-5.098
28.500,-2.862,-5.098
28.533,-2.862,-5.098
28.567,-2.862,-5.098
28.600,-2.862,-5.098
28.633,-2.853,-5.109
28.667,-2.853,-5.109
28.700,-2.851,-5.122
28.733,-2.851,-5.122
28.767,-2.851,-5.122
28.800,-2.853,-5.151
28.833,-2.853,-5.151
28.867,-2.853,-5.151
28.900,-2.853,-5.151
28.933,-2.853,-5.151
28.967,-2.847,-5.171
29.000,-2.841,-5.192
29.033,-2.841,-5.192
29.067,-2.835,-5.209
29.100,-2.840,-5.212
29.133,-2.840,-5.212
29.167,-2.840,-5.212
29.200,-2.840,-5.212
29.233,-2.835,-5.217
29.267,-2.835,-5.217
29.300,-2.835,-5.217
29.333,-2.835,-5.217
29.367,-2.835,-5.217
29.400,-2.832,-5.232
29.433,-2.825,-5.243
29.467,-2.816,-5.251
29.500,-2.816,-5.251
29.533,-2.816,-5.251
29.567,-2.806,-5.252
29.600,-2.799,-5.246
29.633,-2.799,-5.246
29.667,-2.799,-5.246
29.700,-2.799,-5.250
29.733,-2.799,-5.250
29.767,-2.799,-5.250
29.800,-2.787,-5.260
29.833,-2.786,-5.262
29.867,-2.786,-5.262
29.900,-2.778,-5.264
29.933,-2.778,-5.264
29.967,-2.778,-5.264
30.000,-2.778,-5.264
30.033,-2.778,-5.264
30.067,-2.770,-5.254
30.100,-2.770,-5.254
30.133,-2.770,-5.254
30.167,-2.766,-5.253
30.200,-2.766,-5.253
30.233,-2.757,-5.251
30.267,-2.757,-5.251
30.300,-2.757,-5.251
30.333,-2.754,-5.249
30.367,-2.754,-5.249
30.400,-2.754,-5.249
30.433,-2.754,-5.249
30.467,-2.754,-5.249
30.500,-2.754,-5.249
30.533,-2.754,-5.249
30.567,-2.754,-5.249
30.600,-2.754,-5.249
30.633,-2.754,-5.249
30.667,-2.754,-5.249
30.700,-2.757,-5.261
30.733,-2.757,-5.261
30.767,-2.745,-5.271
30.800,-2.743,-5.273
30.833,-2.743,-5.273
30.867,-2.743,-5.273
30.900,-2.743,-5.273
30.933,-2.738,-5.278
30.967,-2.738,-5.278
31.000,-2.738,-5.278
31.033,-2.729,-5.280
31.067,-2.729,-5.280
31.100,-2.715,-5.291
31.133,-2.712,-5.302
31.167,-2.712,-5.302
31.200,-2.701,-5.323
31.233,-2.690,-5.344
31.300,-2.688,-5.354
31.333,-2.684,-5.365
31.367,-2.684,-5.365
31.400,-2.684,-5.365
31.433,-2.684,-5.365
31.467,-2.684,-5.365
31.500,-2.684,-5.365
31.533,-2.684,-5.365
31.567,-2.684,-5.365
31.600,-2.684,-5.365
31.633,-2.684,-5.365
31.667,-2.681,-5.379
31.733,-2.681,-5.379
31.767,-2.681,-5.379
31.867,-2.681,-5.379
31.900,-2.677,-5.386
31.933,-2.677,-5.386
31.967,-2.677,-5.386
32.000,-2.676,-5.394
32.067,-2.675,-5.402
32.100,-2.677,-5.405
32.133,-2.664,-5.419
32.167,-2.660,-5.422
32.200,-2.660,-5.422
32.267,-2.656,-5.430
32.300,-2.656,-5.430
32.333,-2.656,-5.430
32.367,-2.643,-5.444
32.433,-2.643,-5.444
32.467,-2.643,-5.444
32.500,-2.643,-5.444
32.533,-2.643,-5.444
32.600,-2.643,-5.444
32.667,-2.643,-5.444
32.700,-2.643,-5.444
32.733,-2.643,-5.444
32.767,-2.643,-5.444
32.800,-2.638,-5.455
32.833,-2.638,-5.455
32.867,-2.638,-5.455
32.900,-2.618,-5.446
33.133,-2.618,-5.446
33.500,-2.618,-5.446
33.533,-2.618,-5.446
33.633,-2.618,-5.446
33.667,-2.618,-5.441
33.700,-2.618,-5.441
33.733,-2.618,-5.441
41.867,-2.618,-5.441
41.900,-2.643,-5.467
55.733,-2.643,-5.467
55.867,-2.643,-5.467
55.900,-2.620,-5.371
55.967,-2.604,-5.281
56.000,-2.604,-5.281
56.033,-2.582,-5.209
56.100,-2.573,-5.135
56.133,-2.573,-5.135
58.167,-2.573,-5.135
58.567,-2.573,-5.135
58.600,-2.587,-5.070
58.700,-2.593,-5.012
58.733,-2.593,-4.965
58.800,-2.593,-4.965
58.833,-2.593,-4.965
58.867,-2.593,-4.965
58.900,-2.593,-4.965
59.000,-2.593,-4.965
59.033,-2.593,-4.965
59.133,-2.593,-4.965
59.167,-2.600,-4.914
59.200,-2.600,-4.914
59.300,-2.609,-4.861
59.333,-2.609,-4.861
59.367,-2.609,-4.861
59.400,-2.609,-4.861
59.467,-2.622,-4.812
59.533,-2.622,-4.812
59.567,-2.622,-4.812
59.600,-2.622,-4.812
59.667,-2.629,-4.770
59.700,-2.629,-4.770
59.833,-2.641,-4.733
59.867,-2.641,-4.733
60.000,-2.641,-4.733
60.133,-2.641,-4.733
60.167,-2.641,-4.733
60.200,-2.667,-4.674
60.267,-2.667,-4.674
60.567,-2.667,-4.674
60.700,-2.667,-4.674
60.733,-2.726,-4.568
60.767,-2.777,-4.470
60.800,-2.777,-4.470
60.833,-2.828,-4.380
60.867,-2.864,-4.310
60.900,-2.864,-4.310
60.933,-2.898,-4.240
60.967,-2.898,-4.240
61.000,-2.898,-4.240
61.033,-2.898,-4.240
61.067,-2.898,-4.240
61.100,-2.898,-4.240
61.133,-2.934,-4.198
61.167,-2.971,-4.169
61.200,-2.971,-4.169
61.233,-2.971,-4.169
61.267,-2.971,-4.169
61.300,-2.971,-4.169
61.333,-2.971,-4.169
61.367,-3.008,-4.157
61.400,-3.041,-4.142
61.433,-3.041,-4.142
61.467,-3.065,-4.135
61.500,-3.065,-4.135
61.533,-3.091,-4.124
61.567,-3.091,-4.124
61.600,-3.091,-4.124
61.633,-3.119,-4.119
61.667,-3.135,-4.121
61.700,-3.135,-4.121
61.733,-3.151,-4.127
61.767,-3.151,-4.127
61.800,-3.151,-4.127
61.833,-3.178,-4.125
61.867,-3.202,-4.127
61.900,-3.219,-4.145
61.933,-3.219,-4.145
61.967,-3.219,-2.424
62.000,-3.219,-2.424
62.033,-3.219,-2.424
62.067,-3.241,-2.615
62.100,-3.241,-2.615
62.133,-3.241,-2.615
62.167,-3.262,-2.786
62.200,-3.262,-2.786
62.233,-3.262,-2.786
62.267,-3.262,-2.786
62.300,-3.262,-2.786
62.333,-3.262,-2.786
62.367,-3.285,-2.950
62.400,-3.285,-2.950
62.433,-3.285,-2.950
62.467,-3.285,-2.950
62.500,-3.304,-3.104
62.533,-3.304,-3.104
62.567,-3.304,-3.104
62.600,-3.318,-3.247
62.633,-3.318,-3.247
62.667,-3.332,-3.385
62.700,-3.332,-3.385
62.733,-3.332,-3.385
62.767,-3.346,-3.499
62.800,-3.356,-3.605
62.833,-3.356,-3.605
62.867,-3.356,-3.605
62.900,-3.366,-3.710
62.933,-3.374,-3.808
62.967,-3.374,-3.808
63.000,-3.374,-3.808
63.033,-3.374,-3.808
63.067,-3.374,-3.808
63.100,-3.374,-3.808
63.133,-3.387,-3.899
63.167,-3.387,-3.899
63.200,-3.387,-3.899
63.233,-3.387,-3.899
63.267,-3.399,-3.981
63.300,-3.399,-3.981
63.333,-3.403,-4.056
63.367,-3.403,-4.056
63.400,-3.403,-4.056
63.433,-3.403,-4.056
63.467,-3.413,-4.134
63.500,-3.422,-4.200
63.533,-3.434,-4.267
63.567,-3.434,-4.267
63.600,-3.443,-4.333
63.633,-3.443,-4.333
63.667,-3.454,-4.393
63.700,-3.454,-4.393
63.733,-3.454,-4.393
63.767,-3.457,-4.448
63.800,-3.458,-4.496
63.833,-3.456,-4.540
63.867,-3.456,-4.540
63.900,-3.456,-4.540
63.933,-3.456,-4.540
63.967,-3.456,-4.540
64.000,-3.457,-4.593
64.033,-3.456,-4.645
64.067,-3.453,-4.692
64.100,-3.453,-4.692
64.133,-3.453,-4.692
64.167,-3.453,-4.692
64.200,-3.457,-4.716
64.233,-3.457,-4.737
64.267,-3.453,-4.759
64.300,-3.453,-4.759
64.333,-3.453,-4.759
64.367,-3.453,-4.759
64.400,-3.446,-4.771
64.433,-3.443,-4.778
64.467,-3.441,-4.789
64.500,-3.439,-4.794
64.533,-3.435,-4.811
64.567,-3.435,-4.811
64.600,-3.435,-4.811
64.633,-3.432,-4.815
64.667,-3.432,-4.815
64.700,-3.432,-4.815
64.733,-3.432,-4.815
64.767,-3.434,-4.824
64.800,-3.434,-4.824
64.833,-3.434,-4.824
64.867,-3.434,-4.824
64.900,-3.419,-4.797
64.933,-3.419,-4.797
64.967,-3.419,-4.797
65.000,-3.419,-4.797
65.033,-3.419,-4.797
65.067,-3.419,-4.797
65.100,-3.419,-4.797
65.133,-3.419,-4.797
65.167,-3.419,-4.797
65.200,-3.419,-4.797
65.233,-3.419,-4.797
65.267,-3.412,-4.785
65.300,-3.412,-4.785
65.333,-3.405,-4.770
65.367,-3.394,-4.758
65.400,-3.394,-4.758
65.433,-3.394,-4.758
65.467,-3.394,-4.758
65.500,-3.394,-4.758
65.533,-3.394,-4.758
65.567,-3.381,-4.740
65.600,-3.373,-4.723
65.633,-3.373,-4.723
65.667,-3.373,-4.723
65.700,-3.373,-4.723
65.733,-3.373,-4.723
65.767,-3.373,-4.723
65.800,-3.373,-4.723
65.833,-3.362,-4.719
65.867,-3.362,-4.719
65.900,-3.348,-4.722
65.933,-3.348,-4.722
65.967,-3.348,-4.722
66.000,-3.343,-4.719
66.033,-3.341,-4.717
66.067,-3.339,-4.722
66.100,-3.339,-4.722
66.133,-3.339,-4.722
66.167,-3.339,-4.722
66.200,-3.342,-4.739
66.233,-3.336,-4.759
66.267,-3.336,-4.759
66.300,-3.333,-4.766
66.333,-3.332,-4.777
66.367,-3.332,-4.777
66.400,-3.332,-4.777
66.433,-3.332,-4.777
66.467,-3.332,-4.777
66.500,-3.324,-4.805
66.533,-3.324,-4.805
66.567,-3.324,-4.805
66.600,-3.324,-4.805
66.633,-3.325,-4.826
66.667,-3.325,-4.826
66.700,-3.321,-4.848
66.733,-3.317,-4.864
66.767,-3.317,-4.864
66.800,-3.317,-4.864
66.833,-3.308,-4.882
66.867,-3.308,-4.882
66.900,-3.308,-4.882
66.933,-3.308,-4.882
66.967,-3.308,-4.882
67.000,-3.302,-4.878
67.033,-3.302,-4.878
67.067,-3.302,-4.878
67.100,-3.302,-4.878
67.133,-3.302,-4.878
67.167,-3.283,-4.859
67.200,-3.283,-4.859
67.233,-3.266,-4.839
67.267,-3.266,-4.839
67.300,-3.266,-4.839
67.333,-3.258,-4.816
67.367,-3.258,-4.816
67.400,-3.253,-4.796
67.433,-3.253,-4.796
67.467,-3.253,-4.796
67.500,-3.239,-4.788
67.533,-3.239,-4.788
67.567,-3.239,-4.788
67.600,-3.239,-4.788
67.633,-3.239,-4.788
67.667,-3.239,-4.788
67.700,-3.239,-4.788
67.733,-3.239,-4.788
67.767,-3.228,-4.783
67.800,-3.228,-4.783
67.833,-3.228,-4.783
67.867,-3.228,-4.783
67.900,-3.218,-4.784
67.933,-3.218,-4.784
67.967,-3.218,-4.784
68.000,-3.209,-4.784
68.033,-3.209,-4.784
68.067,-3.209,-4.784
68.100,-3.202,-4.781
68.133,-3.202,-4.781
68.167,-3.200,-4.779
68.200,-3.200,-4.779
68.233,-3.200,-4.779
68.267,-3.206,-4.767
68.300,-3.206,-4.767
68.333,-3.206,-4.767
68.367,-3.195,-4.781
68.400,-3.195,-4.781
68.433,-3.195,-4.781
68.467,-3.195,-4.781
68.500,-3.195,-4.781
68.533,-3.195,-4.781
68.567,-3.195,-4.781
68.600,-3.184,-4.800
68.633,-3.171,-4.820
68.667,-3.171,-4.820
68.700,-3.171,-4.820
68.733,-3.162,-4.832
68.767,-3.162,-4.832
68.800,-3.162,-4.832
68.833,-3.162,-4.832
68.867,-3.162,-4.832
68.900,-3.142,-4.864
68.933,-3.135,-4.886
68.967,-3.135,-4.886
69.000,-3.135,-4.886
69.033,-3.125,-4.904
69.067,-3.125,-4.904
69.100,-3.118,-4.923
69.133,-3.113,-4.948
69.167,-3.113,-4.948
69.200,-3.105,-4.967
69.233,-3.094,-4.989
69.267,-3.094,-4.989
69.300,-3.094,-4.989
69.333,-3.094,-4.989
69.367,-3.076,-5.021
69.400,-3.061,-5.047
69.433,-3.054,-5.061
69.467,-3.046,-5.080
69.500,-3.045,-5.094
69.533,-3.046,-5.103
69.567,-3.045,-5.116
69.600,-3.045,-5.116
69.633,-3.045,-5.116
69.667,-3.045,-5.116
69.700,-3.040,-5.127
69.733,-3.037,-5.137
69.767,-3.036,-5.142
69.800,-3.036,-5.142
69.833,-3.036,-5.142
69.867,-3.027,-5.155
69.900,-3.027,-5.155
69.933,-3.027,-5.155
69.967,-3.024,-5.153
70.000,-3.024,-5.153
70.033,-3.024,-5.153
70.067,-3.024,-5.153
70.100,-3.005,-5.138
70.133,-2.986,-5.130
70.167,-2.986,-5.130
70.200,-2.961,-5.124
70.233,-2.947,-5.097
70.267,-2.947,-5.097
70.300,-2.947,-5.097
70.333,-2.924,-5.078
70.367,-2.924,-5.078
70.400,-2.907,-5.058
70.433,-2.907,-5.058
70.467,-2.907,-5.058
70.500,-2.907,-5.058
70.533,-2.899,-5.028
70.567,-2.899,-5.028
70.633,-2.885,-4.988
70.667,-2.867,-4.951
70.700,-2.867,-4.951
70.733,-2.867,-4.951
70.767,-2.867,-4.951
70.800,-2.867,-4.951
70.833,-2.846,-4.901
70.900,-2.837,-4.849
70.933,-2.821,-4.807
70.967,-2.807,-4.771
71.000,-2.807,-4.771
71.033,-2.807,-4.771
71.100,-2.791,-4.738
71.133,-2.791,-4.738
71.167,-2.791,-4.738
71.200,-2.791,-4.738
71.600,-2.791,-4.738
71.633,-2.791,-4.738
71.667,-2.778,-4.692
71.700,-2.771,-4.642
71.733,-2.759,-4.618
71.767,-2.759,-4.618
71.800,-2.759,-4.618
71.833,-2.759,-4.618
71.867,-2.751,-4.611
71.900,-2.751,-4.611
71.933,-2.749,-4.601
71.967,-2.749,-4.601
72.000,-2.749,-4.601
72.033,-2.750,-4.583
72.067,-2.750,-4.583
72.100,-2.750,-4.583
72.133,-2.750,-4.583
72.167,-2.750,-4.583
72.200,-2.743,-4.575
72.233,-2.728,-4.572
72.267,-2.722,-4.571
72.300,-2.722,-4.571
72.333,-2.718,-4.566
72.367,-2.718,-4.566
72.433,-2.719,-4.561
72.467,-2.718,-4.562
72.500,-2.718,-4.562
72.533,-2.718,-4.562
72.567,-2.711,-4.570
72.600,-2.703,-4.579
72.633,-2.703,-4.579
72.667,-2.701,-4.579
72.733,-2.701,-4.579
72.767,-2.701,-4.579
72.800,-2.701,-4.579
72.833,-2.701,-4.579
72.867,-2.701,-4.579
72.900,-2.701,-4.579
72.933,-2.701,-4.579
72.967,-2.689,-4.577
73.000,-2.689,-4.577
73.033,-2.689,-4.577
73.067,-2.688,-4.566
73.100,-2.690,-4.556
73.133,-2.690,-4.556
73.167,-2.690,-4.556
73.200,-2.690,-4.556
73.233,-2.690,-4.556
73.267,-2.684,-4.553
73.333,-2.680,-4.544
73.367,-2.680,-4.544
73.400,-2.675,-4.535
73.433,-2.666,-4.525
73.700,-2.656,-4.514
73.733,-2.656,-4.514
73.767,-2.656,-4.514
73.800,-2.656,-4.514
74.767,-2.656,-4.514
74.933,-2.639,-4.452
74.967,-2.639,-4.452
75.100,-2.639,-4.452
75.300,-2.639,-4.452
75.333,-2.639,-4.452
75.467,-2.639,-4.452
75.700,-2.639,-4.452
75.833,-2.639,-4.452
75.867,-2.639,-4.452
75.933,-2.639,-4.452
75.967,-2.639,-4.452
76.000,-2.630,-4.383
77.200,-2.630,-4.383
77.233,-2.630,-4.383
77.300,-2.638,-4.377
77.400,-2.638,-4.377
77.433,-2.638,-4.377
77.533,-2.643,-4.401
77.567,-2.643,-4.401
77.600,-2.654,-4.415
77.633,-2.661,-4.434
77.667,-2.669,-4.458
77.733,-2.672,-4.484
77.767,-2.673,-4.505
77.800,-2.673,-4.505
77.833,-2.673,-4.505
77.867,-2.680,-4.513
77.900,-2.687,-4.517
77.933,-2.687,-4.517
77.967,-2.687,-4.517
78.000,-2.687,-4.517
78.033,-2.689,-4.527
78.067,-2.693,-4.541
78.100,-2.706,-4.547
78.200,-2.706,-4.547
78.433,-2.706,-4.547
78.467,-2.706,-4.547
78.500,-2.706,-4.547
78.533,-2.706,-4.547
78.567,-2.712,-4.577
78.600,-2.715,-4.605
78.633,-2.715,-4.605
78.667,-2.715,-4.605
78.700,-2.715,-4.605
78.733,-2.717,-4.633
78.767,-2.717,-4.633
78.800,-2.725,-4.666
78.833,-2.725,-4.666
78.867,-2.725,-4.666
78.900,-2.736,-4.700
78.933,-2.736,-4.700
78.967,-2.736,-4.700
79.000,-2.736,-4.700
79.033,-2.736,-4.737
79.067,-2.742,-4.765
79.100,-2.742,-4.765
79.133,-2.742,-4.765
79.167,-2.742,-4.765
79.200,-2.742,-4.765
79.233,-2.742,-4.765
79.267,-2.742,-4.765
79.300,-2.742,-4.765
79.333,-2.742,-4.765
79.367,-2.742,-4.765
79.400,-2.742,-4.765
79.433,-2.751,-4.809
79.467,-2.753,-4.855
79.500,-2.753,-4.855
79.533,-2.753,-4.889
79.567,-2.753,-4.889
79.600,-2.753,-4.889
79.633,-2.751,-4.909
79.667,-2.751,-4.909
79.700,-2.751,-4.932
79.733,-2.751,-4.932
79.767,-2.751,-4.932
79.800,-2.750,-4.955
79.833,-2.750,-4.955
79.867,-2.750,-4.955
79.900,-2.750,-4.955
79.933,-2.750,-4.955
79.967,-2.750,-4.955
80.000,-2.750,-4.955
80.033,-2.750,-4.955
80.067,-2.744,-4.982
80.100,-2.744,-4.982
80.133,-2.744,-4.982
80.167,-2.750,-5.000
80.200,-2.750,-5.000
80.267,-2.746,-5.023
80.300,-2.746,-5.023
80.333,-2.746,-5.023
80.367,-2.747,-5.051
80.400,-2.747,-5.051
80.433,-2.747,-5.051
80.467,-2.749,-5.080
80.500,-2.749,-5.080
80.533,-2.749,-5.080
80.567,-2.749,-5.080
80.600,-2.749,-5.080
80.633,-2.749,-5.080
80.667,-2.749,-5.080
80.700,-2.748,-5.103
80.733,-2.746,-5.122
80.767,-2.746,-5.122
80.800,-2.746,-5.122
80.833,-2.746,-5.122
80.867,-2.746,-5.122
80.900,-2.733,-5.160
80.933,-2.729,-5.189
80.967,-2.729,-5.189
81.000,-2.729,-5.189
81.033,-2.713,-5.226
81.067,-2.713,-5.226
81.100,-2.713,-5.226
81.133,-2.713,-5.226
81.200,-2.718,-5.240
81.233,-2.718,-5.240
81.267,-2.705,-5.253
81.300,-2.693,-5.267
81.333,-2.693,-5.267
81.367,-2.693,-5.267
81.400,-2.689,-5.277
81.433,-2.689,-5.277
81.467,-2.684,-5.291
81.500,-2.683,-5.309
81.533,-2.686,-5.323
81.567,-2.683,-5.337
81.600,-2.675,-5.352
81.633,-2.670,-5.363
81.667,-2.667,-5.365
81.700,-2.662,-5.377
81.733,-2.662,-5.377
81.767,-2.667,-5.381
81.800,-2.666,-5.390
81.833,-2.666,-5.390
81.867,-2.666,-5.390
81.900,-2.666,-3.427
81.933,-2.677,-3.623
81.967,-2.681,-3.805
82.000,-2.681,-3.805
82.033,-2.681,-3.805
82.067,-2.681,-3.970
82.100,-2.681,-3.970
82.133,-2.669,-4.113
82.167,-2.669,-4.113
82.200,-2.669,-4.113
82.267,-2.669,-4.113
82.400,-2.653,-4.235
82.433,-2.641,-4.348
82.467,-2.641,-4.348
82.500,-2.631,-4.450
82.533,-2.618,-4.546
82.567,-2.618,-4.546
82.600,-2.607,-4.627
82.633,-2.600,-4.695
82.667,-2.596,-4.759
82.700,-2.596,-4.759
82.733,-2.596,-4.759
82.767,-2.592,-4.828
106.967,-2.592,-4.828
107.000,-2.592,-4.828
107.033,-2.592,-4.828
107.067,-2.592,-4.828
107.133,-2.592,-4.828
107.167,-2.506,-4.631
107.833,-2.506,-4.631
108.133,-2.436,-4.439
108.200,-2.436,-4.439
108.300,-2.436,-4.439
108.433,-2.373,-4.250
108.467,-2.316,-4.082
108.500,-2.316,-4.082
108.567,-2.273,-3.916
108.733,-2.273,-3.916
108.800,-2.273,-3.916
108.833,-2.224,-3.773
108.933,-2.176,-3.639
108.967,-2.176,-3.639
109.000,-2.144,-3.507
109.033,-2.109,-3.392
109.067,-2.109,-3.392
109.100,-2.089,-3.280
109.133,-2.061,-3.189
109.167,-2.040,-3.104
109.200,-2.040,-3.104
109.233,-2.040,-3.104
109.267,-2.040,-3.104
109.300,-2.040,-3.104
109.333,-2.040,-3.104
109.367,-2.013,-3.034
109.400,-2.005,-2.948
109.433,-1.995,-2.886
109.467,-1.977,-2.837
109.500,-1.977,-2.837
109.533,-1.977,-2.837
109.567,-1.977,-2.837
109.600,-1.977,-2.837
109.633,-1.977,-2.837
109.667,-1.968,-2.784
109.700,-1.968,-2.784
109.733,-1.968,-2.784
109.767,-1.968,-2.784
109.800,-1.968,-2.784
109.833,-1.968,-2.784
109.900,-1.954,-2.729
109.933,-1.954,-2.729
109.967,-1.943,-2.689
110.000,-1.943,-2.689
110.033,-1.930,-2.646
110.067,-1.925,-2.612
110.100,-1.925,-2.612
110.133,-1.925,-2.612
110.167,-1.925,-2.612
110.200,-1.920,-2.574
110.233,-1.920,-2.574
110.267,-1.915,-2.534
110.300,-1.915,-2.534
110.333,-1.915,-2.534
110.367,-1.915,-2.534
110.400,-1.915,-2.534
110.433,-1.915,-2.534
110.467,-1.912,-2.497
110.500,-1.912,-2.497
110.533,-1.899,-2.462
110.567,-1.899,-2.462
110.600,-1.899,-2.462
110.633,-1.899,-2.462
110.667,-1.898,-2.431
110.700,-1.895,-2.398
110.733,-1.895,-2.398
110.767,-1.895,-2.398
110.800,-1.895,-2.398
110.833,-1.903,-2.352
110.867,-1.903,-2.352
110.900,-1.903,-2.317
110.933,-1.903,-2.288
110.967,-1.903,-2.288
111.000,-1.907,-2.260
111.033,-1.910,-2.230
111.067,-1.908,-2.206
111.100,-1.908,-2.206
111.133,-1.908,-2.206
111.167,-1.910,-2.173
111.200,-1.910,-2.173
111.233,-1.910,-2.173
111.267,-2.209,-2.156
111.300,-2.209,-2.156
111.333,-2.209,-2.156
111.367,-2.177,-2.131
111.400,-2.177,-2.131
111.433,-2.160,-2.092
111.467,-2.173,-1.999
111.500,-2.173,-1.999
111.567,-2.173,-1.999
111.600,-2.223,-1.969
111.633,-2.316,-1.852
111.667,-2.316,-1.852
111.700,-2.316,-1.852
111.733,-2.419,-1.756
111.767,-2.447,-1.752
111.800,-2.447,-1.752
111.833,-2.453,-1.750
111.867,-2.453,-1.750
111.900,-2.490,-1.739
111.933,-2.490,-1.739
111.967,-2.490,-1.739
112.000,-2.490,-1.739
112.033,-2.490,-1.739
112.067,-2.504,-1.752
112.100,-2.512,-1.780
112.133,-2.512,-1.780
112.167,-2.524,-1.803
112.200,-2.524,-1.803
112.233,-2.524,-1.803
112.267,-2.524,-1.803
112.300,-2.539,-1.830
112.333,-2.539,-1.830
112.367,-2.547,-1.857
112.400,-2.553,-1.882
112.433,-2.553,-1.882
112.467,-2.553,-1.882
112.500,-2.560,-1.901
112.533,-2.570,-1.925
112.567,-2.575,-1.947
112.600,-2.575,-1.947
112.633,-2.575,-1.947
112.667,-2.575,-1.947
112.700,-2.575,-1.947
112.733,-2.576,-1.970
112.767,-2.576,-1.970
112.800,-2.583,-1.995
112.833,-2.583,-1.995
112.867,-2.596,-2.016
112.900,-2.596,-2.016
112.933,-2.596,-2.016
112.967,-2.603,-2.045
113.000,-2.605,-2.061
113.033,-2.605,-2.061
113.067,-2.605,-2.061
113.100,-2.605,-2.061
113.133,-2.615,-2.077
113.167,-2.615,-2.077
113.200,-2.615,-2.077
113.233,-2.615,-2.077
113.267,-2.619,-2.106
113.300,-2.630,-2.136
113.333,-2.630,-2.136
113.367,-2.630,-2.136
113.400,-2.630,-2.136
113.433,-2.630,-2.136
113.467,-2.643,-2.170
113.500,-2.643,-2.170
113.533,-2.643,-2.170
113.567,-2.643,-2.170
113.600,-2.643,-2.170
113.633,-2.643,-2.170
113.667,-2.643,-2.170
113.700,-2.643,-2.170
113.733,-2.642,-2.196
113.767,-2.645,-2.223
113.800,-2.645,-2.223
113.833,-2.648,-2.239
113.867,-2.648,-2.239
113.900,-2.648,-2.239
113.933,-2.651,-2.273
113.967,-2.651,-2.273
114.000,-2.651,-2.273
114.033,-2.651,-2.273
114.067,-2.651,-2.273
114.100,-2.651,-2.273
114.133,-2.651,-2.273
114.167,-2.659,-2.295
114.200,-2.659,-2.295
114.233,-2.659,-2.295
114.267,-2.659,-2.295
114.300,-2.661,-2.323
114.333,-2.661,-2.350
114.367,-2.667,-2.377
114.400,-2.676,-2.405
114.433,-2.676,-2.405
114.467,-2.676,-2.405
114.500,-2.676,-2.435
114.533,-2.668,-2.457
114.567,-2.668,-2.457
114.600,-2.668,-2.457
114.633,-2.675,-2.473
114.667,-2.675,-2.473
114.700,-2.675,-2.473
114.733,-2.679,-2.506
114.767,-2.679,-2.506
114.800,-2.679,-2.506
114.833,-2.692,-2.535
114.867,-2.717,-2.570
114.900,-2.740,-2.608
114.933,-2.740,-2.608
114.967,-2.758,-2.660
115.000,-2.758,-2.660
115.033,-2.758,-2.660
115.067,-2.758,-2.660
115.100,-2.758,-2.660
115.133,-2.758,-2.660
115.167,-2.758,-2.660
115.200,-2.758,-2.660
115.233,-2.758,-2.660
115.267,-2.758,-2.660
115.300,-2.754,-2.680
115.333,-2.752,-2.716
115.367,-2.752,-2.716
115.400,-2.752,-2.716
115.433,-2.752,-2.716
115.467,-2.734,-2.756
115.500,-2.721,-2.782
115.533,-2.721,-2.782
115.567,-2.702,-2.798
115.600,-2.702,-2.798
115.633,-2.702,-2.798
115.667,-2.702,-2.798
115.700,-2.694,-2.824
115.733,-2.686,-2.841
115.767,-2.686,-2.841
115.800,-2.686,-2.841
115.833,-2.686,-2.841
115.867,-2.686,-2.841
115.900,-2.680,-2.850
115.933,-2.680,-2.850
115.967,-2.680,-2.850
116.000,-2.677,-2.851
116.033,-2.668,-2.861
116.067,-2.668,-2.861
116.100,-2.668,-2.861
116.133,-2.668,-2.861
116.167,-2.668,-2.861
116.200,-2.668,-2.861
116.233,-2.671,-2.856
116.267,-2.672,-2.856
116.300,-2.672,-2.856
116.333,-2.672,-2.856
116.367,-2.672,-2.856
116.400,-2.672,-2.856
116.433,-2.672,-2.856
116.467,-2.675,-2.880
116.500,-2.676,-2.917
116.533,-2.664,-2.952
116.567,-2.658,-2.958
116.600,-2.653,-2.966
116.633,-2.653,-2.966
116.667,-2.639,-2.947
116.700,-2.635,-2.922
116.733,-2.618,-2.908
116.767,-2.607,-2.887
116.800,-2.607,-2.887
116.833,-2.607,-2.887
116.867,-2.607,-2.878
116.900,-2.448,-2.878
116.933,-2.456,-2.873
116.967,-2.456,-2.873
117.000,-2.456,-2.873
117.033,-2.456,-2.873
117.067,-2.456,-2.873
117.100,-2.451,-2.849
117.133,-2.454,-2.827
117.167,-2.463,-2.815
117.200,-2.463,-2.815
117.233,-2.465,-2.815
117.267,-2.465,-2.815
117.300,-2.465,-2.815
117.333,-2.475,-2.822
117.367,-2.475,-2.822
117.400,-2.475,-2.822
117.433,-2.475,-2.822
117.467,-2.475,-2.822
117.500,-2.475,-2.822
117.533,-2.470,-2.821
117.567,-2.470,-2.829
117.600,-2.470,-2.829
117.633,-2.470,-2.829
117.667,-2.470,-2.829
117.700,-2.470,-2.829
117.733,-2.470,-2.829
117.767,-2.470,-2.829
117.800,-2.470,-2.829
117.833,-2.474,-2.846
117.867,-2.476,-2.860
117.900,-2.478,-2.872
117.933,-2.478,-2.872
117.967,-2.478,-2.872
118.000,-2.478,-2.872
118.033,-2.472,-2.892
118.067,-2.461,-2.895
118.100,-2.461,-2.895
118.133,-2.461,-2.895
118.167,-2.461,-2.890
118.200,-2.461,-2.890
118.233,-2.460,-2.894
118.267,-2.463,-2.891
118.300,-2.463,-2.891
118.333,-2.463,-2.891
118.367,-2.447,-2.904
118.400,-2.451,-2.956
118.433,-2.451,-2.956
118.467,-2.451,-2.956
118.500,-2.451,-2.956
118.533,-2.451,-2.956
118.567,-2.441,-2.964
118.600,-2.441,-2.964
118.633,-2.441,-2.964
118.667,-2.432,-2.970
118.700,-2.429,-2.976
118.733,-2.429,-2.976
118.767,-2.429,-2.976
118.800,-2.429,-2.976
118.833,-2.429,-2.976
118.867,-2.420,-2.996
118.900,-2.417,-3.005
118.933,-2.408,-3.019
118.967,-2.408,-3.019
119.000,-2.408,-3.019
119.033,-2.393,-3.041
119.067,-2.383,-3.055
119.100,-2.383,-3.055
119.133,-2.383,-3.055
119.167,-2.379,-3.066
119.200,-2.379,-3.066
119.233,-2.379,-3.066
119.267,-2.379,-3.066
119.300,-2.379,-3.066
119.333,-2.379,-3.066
119.367,-2.371,-3.083
119.400,-2.361,-3.098
119.433,-2.361,-3.098
119.467,-2.361,-3.098
119.500,-2.361,-3.098
119.533,-2.361,-3.098
119.567,-2.346,-3.125
119.600,-2.330,-3.147
119.633,-2.330,-3.147
119.667,-2.319,-3.165
119.700,-2.319,-3.165
119.733,-2.319,-3.165
119.767,-2.319,-3.165
119.800,-2.319,-3.165
119.833,-2.319,-3.165
119.867,-2.319,-3.165
119.900,-2.319,-3.165
119.933,-2.319,-3.165
119.967,-2.319,-3.165
120.000,-2.319,-3.165
120.033,-2.319,-3.165
120.067,-2.319,-3.165
120.100,-2.293,-3.174
120.133,-2.293,-3.174
120.167,-2.270,-3.178
120.200,-2.252,-3.184
120.233,-2.252,-3.184
120.267,-2.252,-3.184
120.300,-2.238,-3.181
120.333,-2.238,-3.181
120.367,-2.242,-3.164
120.400,-2.287,-3.098
120.433,-2.287,-3.098
120.467,-2.255,-3.101
120.500,-2.223,-3.101
120.533,-2.201,-3.095
120.567,-2.201,-3.095
120.600,-2.201,-3.095
120.633,-2.201,-3.095
120.667,-2.201,-3.095
120.700,-2.201,-3.095
120.733,-2.201,-3.095
120.767,-2.201,-3.095
120.800,-2.201,-3.095
120.833,-2.167,-3.103
120.867,-2.167,-3.103
120.900,-2.167,-3.103
120.967,-2.136,-3.103
121.167,-2.136,-3.103
121.200,-2.136,-3.103
121.233,-2.136,-3.103
121.267,-2.136,-3.103
121.300,-2.097,-3.066
121.333,-2.065,-3.023
121.400,-2.065,-3.023
121.433,-2.065,-3.023
121.467,-2.065,-3.023
121.533,-2.065,-3.023
121.567,-2.065,-3.023
121.600,-2.065,-3.023
121.667,-2.065,-3.023
121.700,-2.041,-2.981
121.733,-2.041,-2.981
121.767,-2.041,-2.981
121.800,-2.041,-2.981
121.833,-2.008,-2.944
121.867,-2.008,-2.944
121.900,-2.008,-2.944
121.933,-1.996,-2.899
121.967,-1.972,-2.861
122.000,-1.955,-2.836
122.033,-1.955,-2.836
122.067,-1.955,-2.836
122.100,-1.955,-2.836
122.133,-1.955,-2.836
122.167,-1.944,-2.824
122.200,-1.944,-2.824
122.267,-1.944,-2.824
122.467,-1.931,-2.817
122.667,-1.931,-2.817
122.700,-1.931,-2.837
122.767,-1.931,-2.837
122.800,-1.931,-2.838
122.833,-1.931,-2.838
122.867,-1.923,-2.850
122.900,-1.916,-2.852
123.600,-1.917,-2.872
123.633,-1.917,-2.872
123.800,-1.919,-2.878
123.833,-1.921,-2.888
123.900,-1.921,-2.888
124.067,-1.928,-2.889
124.133,-1.928,-2.889
124.167,-1.920,-2.878
124.233,-1.920,-2.878
124.267,-1.920,-2.878
124.300,-1.920,-2.878
124.333,-1.920,-2.878
124.400,-1.921,-2.875
124.433,-1.921,-2.875
124.467,-1.915,-2.880
124.500,-1.915,-2.880
124.567,-1.912,-2.872
124.600,-1.912,-2.872
124.633,-1.912,-2.872
124.667,-1.912,-2.872
124.700,-1.912,-2.872
124.733,-1.912,-2.872
124.767,-1.912,-2.872
124.800,-1.904,-2.840
124.833,-1.904,-2.840
124.867,-1.902,-2.817
124.900,-1.902,-2.817
124.933,-1.902,-2.817
124.967,-1.901,-2.799
125.000,-1.902,-2.790
125.033,-1.907,-2.778
125.067,-1.907,-2.778
125.100,-1.907,-2.778
125.133,-1.907,-2.778
125.200,-1.907,-2.778
125.233,-1.900,-2.787
125.367,-1.900,-2.787
125.500,-1.900,-2.787
125.533,-1.900,-2.787
125.867,-1.900,-2.771
125.967,-1.894,-2.756
126.000,-1.894,-2.756
126.167,-1.891,-2.727
126.200,-1.885,-2.705
126.233,-1.885,-2.705
126.267,-1.885,-2.705
126.400,-1.877,-2.691
126.433,-1.877,-2.691
126.467,-1.877,-2.691
126.500,-1.870,-2.664
126.533,-1.870,-2.664
126.567,-1.870,-2.664
126.600,-1.870,-2.664
126.633,-1.870,-2.664
126.667,-1.864,-2.659
126.700,-1.854,-2.653
126.733,-1.854,-2.653
126.767,-1.854,-2.653
126.800,-1.854,-2.653
126.833,-1.854,-2.653
126.867,-1.854,-2.653
126.900,-1.854,-2.657
126.933,-1.852,-2.668
126.967,-1.864,-2.677
127.000,-1.864,-2.677
127.033,-1.870,-2.691
127.067,-1.870,-2.691
127.100,-1.870,-2.691
127.133,-1.882,-2.697
127.167,-1.882,-2.697
127.200,-1.882,-2.697
127.233,-1.886,-2.709
127.267,-1.886,-2.709
127.300,-1.886,-2.709
127.333,-1.886,-2.709
127.400,-1.881,-2.733
127.433,-1.877,-2.750
127.467,-1.877,-2.750
127.533,-1.877,-2.750
127.567,-1.877,-2.750
127.600,-1.877,-2.750
127.633,-1.872,-2.765
127.667,-1.869,-2.778
127.733,-1.869,-2.790
127.767,-1.869,-2.790
127.800,-1.872,-2.801
127.867,-1.872,-2.801
127.900,-1.872,-2.801
128.000,-1.872,-2.801
128.100,-1.859,-2.798
128.167,-1.859,-2.798
128.367,-1.858,-2.811
128.433,-1.858,-2.811
129.600,-1.858,-2.811
129.767,-1.858,-2.811
129.800,-1.858,-2.811
129.833,-1.858,-2.811
129.867,-1.865,-2.867
129.900,-1.865,-2.867
129.933,-1.865,-2.867
129.967,-1.865,-2.867
130.000,-1.865,-2.867
130.033,-1.872,-2.920
130.067,-1.872,-2.920
130.100,-1.872,-2.920
130.133,-1.872,-2.920
130.167,-1.879,-2.959
130.200,-1.879,-2.959
130.233,-1.879,-2.959
130.267,-1.881,-3.006
130.300,-1.881,-3.006
130.333,-1.881,-3.006
130.367,-1.881,-3.006
130.400,-1.881,-3.006
130.433,-1.890,-3.054
130.467,-1.890,-3.054
130.500,-1.885,-3.097
130.533,-1.885,-3.097
130.567,-1.884,-3.135
130.700,-1.884,-3.135
130.733,-1.884,-3.135
130.767,-1.884,-3.135
130.833,-1.884,-3.135
130.867,-1.884,-3.135
130.900,-1.891,-3.194
130.933,-1.891,-3.194
131.000,-1.883,-3.227
131.067,-1.883,-3.227
131.100,-1.883,-3.227
131.133,-1.883,-3.227
131.167,-1.886,-3.258
131.200,-1.875,-3.295
131.233,-1.875,-3.295
131.267,-1.875,-3.295
131.300,-1.889,-3.341
131.333,-1.903,-3.395
131.367,-1.915,-3.443
131.400,-1.915,-3.443
131.433,-1.915,-3.443
131.467,-1.915,-3.443
131.500,-1.915,-3.443
131.533,-1.915,-3.443
131.633,-1.915,-3.443
131.700,-1.915,-3.443
131.733,-1.915,-3.443
131.767,-1.915,-3.443
131.800,-1.915,-3.443
131.833,-1.922,-3.483
131.867,-1.922,-3.483
131.900,-1.922,-3.483
132.000,-1.922,-3.483
132.033,-1.922,-3.483
132.067,-1.928,-3.525
132.100,-1.928,-3.525
132.133,-1.932,-3.536
132.200,-1.932,-3.536
132.333,-1.921,-3.540
132.367,-1.921,-3.540
132.400,-1.921,-3.540
132.433,-1.921,-3.540
132.467,-1.921,-3.540
132.500,-1.917,-3.571
132.533,-1.921,-3.599
132.567,-1.922,-3.626
132.600,-1.922,-3.626
132.633,-1.922,-3.626
132.667,-1.922,-3.626
132.700,-1.915,-3.610
132.733,-1.896,-3.623
132.767,-1.896,-3.623
132.800,-1.896,-3.623
132.833,-1.880,-3.641
132.867,-1.863,-3.651
132.900,-1.863,-3.651
132.933,-1.853,-3.651
132.967,-1.853,-3.651
133.000,-1.847,-3.652
133.033,-1.847,-3.652
133.067,-1.837,-3.656
133.100,-1.837,-3.656
133.133,-1.837,-3.656
133.167,-1.837,-3.656
133.200,-1.837,-3.656
133.233,-1.814,-3.664
133.267,-1.814,-3.664
133.333,-1.814,-3.664
133.367,-1.727,-3.714
142.433,-1.727,-3.714
142.467,-1.675,-3.676
142.500,-1.675,-3.676
142.533,-1.675,-3.676
155.033,-1.455,-3.333
155.067,-1.455,-3.333
155.100,-1.455,-3.333
155.133,-1.455,-3.333
155.167,-1.455,-3.333
155.200,-1.455,-3.333
156.300,-1.455,-3.333
156.800,-1.279,-2.980
157.233,-1.279,-2.980
157.833,-1.121,-2.649
157.933,-1.121,-2.649
157.967,-1.121,-2.649
158.000,-1.121,-2.649
158.033,-1.121,-2.649
158.067,-1.121,-2.649
158.100,-1.121,-2.649
158.133,-1.121,-2.649
158.167,-0.997,-2.344
158.200,-0.886,-2.076
158.233,-0.886,-2.076
158.267,-0.886,-2.076
158.300,-0.886,-2.076
158.333,-0.886,-2.076
158.367,-0.770,-1.822
158.400,-0.770,-1.822
158.433,-0.770,-1.822
158.467,-0.770,-1.822
158.500,-0.678,-1.585
158.533,-0.594,-1.372
158.567,-0.594,-1.372
158.600,-0.594,-1.372
158.633,-0.594,-1.372
158.667,-0.511,-1.191
158.700,-0.511,-1.191
158.733,-0.442,-1.012
158.767,-0.442,-1.012
158.800,-0.442,-1.012
158.833,-0.379,-0.850
158.900,-0.379,-0.850
158.933,-0.379,-0.850
159.000,-0.332,-0.678
159.100,-0.332,-0.678
159.200,-0.332,-0.678
159.400,-0.332,-0.678
159.433,-0.291,-0.534
159.467,-0.291,-0.534
159.533,-0.291,-0.534
159.667,-0.255,-0.395
159.700,-0.255,-0.395
159.733,-0.255,-0.395
159.767,-0.255,-0.395
159.800,-0.255,-0.395
159.833,-0.255,-0.395
159.867,-0.255,-0.395
159.900,-0.231,-0.260
159.933,-0.231,-0.260
159.967,-0.203,-0.138
160.000,-0.174,-0.019
160.033,-0.174,-0.019
160.067,-0.174,-0.019
160.100,-0.164,0.100
160.133,-0.164,0.100
160.167,-0.149,0.205
160.200,-0.134,0.300
160.233,-0.134,0.300
160.267,-0.121,0.385
160.300,-0.121,0.385
160.333,-0.121,0.385
160.367,-0.121,0.385
160.400,-0.121,0.385
160.433,-0.111,0.463
160.467,-0.111,0.463
160.500,-0.111,0.463
160.533,-0.111,0.463
160.567,-0.106,0.537
160.600,-0.106,0.537
160.633,-0.106,0.537
160.667,-0.092,0.610
160.700,-0.092,0.610
160.733,-0.092,0.610
160.767,-0.079,0.662
160.800,-0.068,0.709
160.833,-0.068,0.709
160.867,-0.058,0.760
160.900,-0.058,0.760
160.933,-0.058,0.760
160.967,-0.061,0.811
161.000,-0.061,0.811
161.033,-0.061,0.811
161.067,-0.061,0.811
161.100,-0.063,0.855
161.133,-0.063,0.855
161.167,-0.063,0.855
161.200,-0.063,0.855
161.233,-0.069,0.897
161.267,-0.069,0.897
161.300,-0.075,0.932
161.333,-0.084,0.969
161.367,-0.084,0.969
161.400,-0.088,0.995
161.433,-0.088,0.995
161.467,-0.088,0.995
161.500,-0.088,0.995
161.533,-0.088,0.995
161.567,-0.084,1.039
161.600,-0.084,1.039
161.633,-0.087,1.091
161.667,-0.088,1.136
161.700,-0.088,1.136
161.733,-0.088,1.136
161.767,-0.088,1.136
161.800,-0.088,1.136
161.833,-0.088,1.168
161.867,-0.088,1.168
161.900,-0.088,1.168
161.933,-0.085,1.200
161.967,-0.085,1.200
162.000,-0.085,1.200
162.033,-0.094,1.241
162.067,-0.094,1.241
162.100,-0.104,1.285
162.133,-0.104,1.285
162.167,-0.114,1.319
162.200,-0.114,1.319
162.233,-0.118,1.346
162.367,-0.264,1.407
162.400,-0.389,1.476
162.433,-0.389,1.476
162.467,-0.389,1.476
162.500,-0.389,1.476
162.533,-0.389,1.476
162.567,-0.389,1.476
162.600,-0.484,1.504
162.633,-0.484,1.504
162.667,-0.553,1.534
162.700,-0.553,1.534
162.733,-0.627,1.554
162.767,-0.699,1.593
162.800,-0.752,1.614
162.833,-0.796,1.632
162.867,-0.796,1.632
162.900,-0.796,1.632
162.933,-0.796,1.632
162.967,-0.796,1.632
163.000,-0.796,1.632
163.033,-0.796,1.632
163.067,-0.796,1.632
163.100,-0.796,1.632
163.133,-0.829,1.619
163.167,-0.829,1.619
163.200,-0.845,1.605
163.233,-0.845,1.605
163.267,-0.845,1.605
163.300,-0.845,1.605
163.333,-0.845,1.605
163.367,-0.845,1.605
163.400,-0.868,1.578
163.433,-0.886,1.567
163.467,-0.886,1.567
163.500,-0.886,1.567
163.533,-0.886,1.567
163.567,-0.886,1.567
163.600,-0.886,1.567
163.633,-0.916,1.546
163.667,-0.916,1.546
163.700,-0.940,1.516
163.733,-0.954,1.488
163.767,-0.970,1.462
163.800,-0.987,1.443
163.833,-1.001,1.427
163.867,-1.001,1.427
163.900,-1.023,1.406
163.933,-1.023,1.406
163.967,-1.036,1.380
164.000,-1.036,1.380
164.033,-1.036,1.380
164.067,-1.036,1.380
164.100,-1.036,1.380
164.133,-1.036,1.380
164.167,-1.051,1.345
164.200,-1.051,1.345
164.233,-1.051,1.345
164.267,-1.070,1.318
164.300,-1.070,1.318
164.333,-1.083,1.289
164.367,-1.097,1.261
164.400,-1.097,1.261
164.433,-1.097,1.261
164.467,-1.097,1.261
164.500,-1.106,1.249
164.533,-1.111,1.238
164.567,-1.111,1.223
164.600,-1.111,1.221
164.633,-1.113,1.215
164.667,-1.113,1.208
164.700,-1.110,1.198
164.733,-1.106,1.188
164.767,-1.107,1.186
164.800,-1.100,1.175
164.833,-1.100,1.175
164.867,-1.113,1.176
164.900,-1.116,1.166
164.933,-1.116,1.166
164.967,-1.116,1.166
165.000,-1.119,1.159
165.033,-1.119,1.159
165.067,-1.120,1.157
165.100,-1.120,1.157
165.133,-1.120,1.157
165.167,-1.123,1.144
165.200,-1.123,1.144
165.233,-1.123,1.144
165.267,-1.130,1.124
165.300,-1.130,1.124
165.333,-1.130,1.124
165.367,-1.130,1.124
165.400,-1.140,1.092
165.433,-1.149,1.065
165.467,-1.149,1.065
165.500,-1.154,1.045
165.533,-1.156,1.024
165.567,-1.165,1.007
165.600,-1.165,1.007
165.633,-1.177,0.980
165.667,-1.177,0.980
165.700,-1.177,0.980
165.733,-1.177,0.980
165.767,-1.187,0.942
165.800,-1.206,0.907
165.833,-1.223,0.869
165.867,-1.232,0.829
165.900,-1.235,0.799
165.933,-1.245,0.778
165.967,-1.245,0.778
166.000,-1.245,0.778
166.033,-1.257,0.749
166.067,-1.257,0.749
166.100,-1.267,0.717
166.133,-1.267,0.717
166.167,-1.267,0.717
166.200,-1.274,0.704
166.233,-1.274,0.704
166.267,-1.274,0.704
166.300,-1.274,0.704
166.333,-1.277,0.682
166.367,-1.281,0.667
166.400,-1.281,0.667
166.433,-1.281,0.667
166.467,-1.281,0.667
166.500,-1.281,0.667
166.533,-1.281,0.667
166.567,-1.281,0.667
166.600,-1.281,0.667
166.633,-1.281,0.667
166.667,-1.281,0.667
166.700,-1.281,0.667
166.733,-1.277,0.659
166.767,-1.268,0.636
166.800,-1.268,0.636
166.833,-1.268,0.636
166.867,-1.272,0.612
166.900,-1.273,0.587
166.933,-1.273,0.587
166.967,-1.273,0.587
167.000,-1.265,0.584
167.033,-1.265,0.584
167.067,-1.252,0.577
167.100,-1.252,0.577
167.133,-1.250,0.563
167.167,-1.250,0.563
167.200,-1.240,0.550
167.233,-1.242,0.545
167.267,-1.242,0.545
167.300,-1.242,0.545
167.333,-1.244,0.518
167.367,-1.244,0.518
167.400,-1.251,0.497
167.433,-1.251,0.497
167.467,-1.251,0.497
167.500,-1.251,0.497
167.533,-1.253,0.477
167.567,-1.259,0.464
167.600,-1.259,0.464
167.633,-1.247,0.447
167.667,-1.247,0.447
167.700,-1.247,0.447
167.733,-1.236,0.456
167.767,-1.229,0.465
167.800,-1.229,0.465
167.833,-1.229,0.465
167.867,-1.229,0.465
167.900,-1.229,0.465
167.933,-1.229,0.465
167.967,-1.229,0.465
168.000,-1.229,0.465
168.033,-1.229,0.465
168.067,-1.229,0.465
168.100,-1.211,0.470
168.133,-1.211,0.470
168.167,-1.193,0.482
168.200,-1.176,0.486
168.233,-1.165,0.496
168.267,-1.165,0.496
168.300,-1.160,0.490
168.333,-1.165,0.488
168.367,-1.165,0.488
168.400,-1.165,0.488
168.433,-1.165,0.466
168.467,-1.165,0.466
168.500,-1.165,0.466
168.533,-1.159,0.432
168.567,-1.159,0.395
168.600,-1.159,0.395
168.633,-1.159,0.395
168.667,-1.159,0.395
168.700,-1.159,0.395
168.733,-1.154,0.377
168.767,-1.154,0.377
168.800,-1.137,0.370
168.833,-1.123,0.368
168.867,-1.123,0.368
168.900,-1.123,0.368
168.933,-1.123,0.368
168.967,-1.123,0.368
169.000,-1.123,0.368
169.033,-1.123,0.368
169.067,-1.123,0.368
169.100,-1.106,0.356
169.133,-1.106,0.356
169.167,-1.084,0.338
169.200,-1.084,0.338
169.233,-1.084,0.338
169.267,-1.084,0.338
169.300,-1.084,0.338
169.333,-1.084,0.338
169.367,-1.064,0.320
169.400,-1.064,0.320
169.433,-1.064,0.320
169.467,-1.047,0.306
169.500,-1.047,0.306
169.533,-1.047,0.306
169.567,-1.047,0.306
169.600,-1.030,0.297
169.633,-1.018,0.291
169.667,-1.005,0.277
169.700,-1.005,0.277
169.733,-0.986,0.260
169.767,-0.962,0.238
169.800,-0.962,0.238
169.833,-0.946,0.220
169.867,-0.938,0.213
169.900,-0.938,0.213
169.933,-0.926,0.199
169.967,-0.926,0.199
170.000,-0.926,0.199
170.033,-0.926,0.199
170.067,-0.926,0.199
170.100,-0.912,0.184
170.133,-0.912,0.184
170.167,-0.904,0.170
170.200,-0.904,0.170
170.233,-0.904,0.170
170.267,-0.904,0.170
170.300,-0.904,0.170
170.333,-0.904,0.170
170.367,-0.904,0.170
170.400,-0.546,0.170
170.433,-0.559,0.166
170.467,-0.575,0.165
170.500,-0.575,0.165
170.533,-0.575,0.165
170.567,-0.575,0.165
170.600,-0.575,0.165
170.667,-0.575,0.165
170.700,-0.575,0.165
170.733,-0.575,0.165
170.767,-0.575,0.165
170.800,-0.575,0.165
170.833,-0.575,0.165
170.867,-0.565,0.164
170.900,-0.565,0.164
170.933,-0.556,0.158
170.967,-0.556,0.158
171.000,-0.556,0.158
171.033,-0.551,0.176
171.133,-0.551,0.176
171.167,-0.537,0.184
171.200,-0.537,0.184
171.233,-0.537,0.184
171.267,-0.537,0.184
171.300,-0.537,0.184
171.333,-0.537,0.184
171.367,-0.537,0.184
171.400,-0.537,0.184
171.433,-0.537,0.184
171.467,-0.502,0.181
171.500,-0.502,0.181
171.533,-0.502,0.181
171.567,-0.502,0.181
171.600,-0.476,0.192
171.633,-0.476,0.192
171.667,-0.476,0.192
171.700,-0.476,0.192
171.767,-0.451,0.208
171.800,-0.451,0.208
171.867,-0.428,0.222
172.000,-0.428,0.222
172.033,-0.400,0.242
172.067,-0.400,0.242
172.100,-0.400,0.242
172.133,-0.400,0.242
172.167,-0.400,0.242
172.200,-0.400,0.242
172.233,-0.400,0.242
172.267,-0.400,0.242
172.300,-0.379,0.285
172.333,-0.379,0.285
172.367,-0.347,0.308
172.400,-0.320,0.332
172.433,-0.320,0.332
172.467,-0.320,0.332
172.500,-0.320,0.332
172.533,-0.320,0.332
172.567,-0.293,0.347
172.600,-0.293,0.347
172.633,-0.293,0.347
172.667,-0.293,0.347
172.700,-0.274,0.353
172.733,-0.274,0.353
172.767,-0.274,0.353
172.800,-0.264,0.348
172.833,-0.264,0.348
172.867,-0.264,0.348
172.900,-0.264,0.348
172.933,-0.264,0.348
172.967,-0.253,0.346
173.000,-0.248,0.340
173.033,-0.248,0.340
173.100,-0.242,0.323
173.133,-0.242,0.323
173.167,-0.241,0.314
173.200,-0.236,0.304
173.233,-0.236,0.304
173.267,-0.233,0.305
173.300,-0.231,0.302
173.333,-0.232,0.303
173.367,-0.232,0.303
173.400,-0.217,0.304
173.433,-0.214,0.311
173.467,-0.204,0.312
173.533,-0.204,0.312
173.567,-0.204,0.312
173.600,-0.189,0.355
173.633,-0.189,0.355
173.667,-0.189,0.355
173.700,-0.189,0.355
173.733,-0.171,0.388
173.767,-0.151,0.415
173.800,-0.135,0.442
173.833,-0.129,0.469
173.867,-0.128,0.493
173.900,-0.128,0.493
173.933,-0.128,0.493
173.967,-0.128,0.493
174.000,-0.118,0.505
174.033,-0.118,0.505
174.067,-0.118,0.505
174.100,-0.118,0.515
174.133,-0.118,0.515
174.167,-0.121,0.534
174.200,-0.121,0.534
174.233,-0.121,0.534
174.267,-0.121,0.534
174.367,-0.109,0.552
174.533,-0.109,0.552
174.567,-0.109,0.552
174.700,-0.080,0.577
174.733,-0.050,0.599
174.767,-0.032,0.631
174.800,-0.027,0.667
174.833,-0.027,0.667
174.867,-0.027,0.667
174.900,-0.027,0.667
174.933,-0.008,0.682
174.967,-0.008,0.682
175.000,-0.008,0.682
175.033,-0.008,0.682
175.067,-0.008,0.682
175.100,-0.008,0.682
175.133,-0.008,0.682
175.167,-0.016,0.706
175.200,-0.005,0.722
175.233,0.009,0.753
175.267,0.009,0.753
175.300,0.009,0.753
175.333,0.009,0.753
175.367,0.009,0.753
175.400,0.009,0.753
175.433,0.009,0.753
175.467,0.009,0.753
175.500,0.007,0.759
175.533,0.007,0.759
175.567,0.007,0.759
175.600,0.007,0.759
175.633,0.007,0.759
175.667,0.007,0.759
175.700,0.012,0.770
175.733,0.018,0.768
175.767,0.018,0.768
175.800,0.018,0.768
175.833,0.018,0.768
175.867,0.018,0.768
175.900,0.018,0.768
175.933,0.028,0.793
175.967,0.041,0.803
176.000,0.055,0.806
176.033,0.055,0.806
176.067,0.055,0.806
176.100,0.066,0.807
176.133,0.074,0.811
176.167,0.074,0.811
176.200,0.074,0.811
176.233,0.074,0.811
176.267,0.074,0.811
176.300,0.086,0.831
176.333,0.086,0.831
176.367,0.101,0.851
176.400,0.101,0.851
176.433,0.108,0.861
176.467,0.109,0.869
176.500,0.109,0.869
176.533,0.101,0.873
176.567,0.101,0.873
176.600,0.103,0.867
176.633,0.103,0.867
176.667,0.109,0.875
176.700,0.118,0.890
176.733,0.118,0.890
176.767,0.127,0.888
176.800,0.127,0.888
176.833,0.141,0.893
176.867,0.139,0.894
176.900,0.139,0.888
176.933,0.141,0.880
176.967,0.141,0.880
177.000,0.141,0.880
177.033,0.141,0.880
177.067,0.141,0.880
177.100,0.141,0.880
177.133,0.141,0.880
177.167,0.141,0.880
177.200,0.141,0.880
177.233,0.137,0.868
177.267,0.127,0.867
177.300,0.112,0.868
177.333,0.112,0.868
177.367,0.112,0.868
177.400,0.093,0.866
177.433,0.085,0.860
177.467,0.085,0.860
177.500,0.073,0.844
177.533,0.073,0.844
177.600,0.073,0.844
177.633,0.072,0.810
177.667,0.072,0.810
177.700,0.072,0.810
177.733,0.072,0.810
177.767,0.072,0.810
177.800,0.072,0.810
177.833,0.072,0.810
177.867,0.072,0.810
177.900,0.059,0.793
177.933,0.059,0.793
177.967,0.059,0.793
178.000,0.059,0.793
178.033,0.059,0.793
178.067,0.059,0.793
178.100,0.059,0.793
178.133,0.051,0.782
178.167,0.051,0.782
178.200,0.056,0.760
178.233,0.052,0.740
178.267,0.052,0.740
178.300,0.052,0.740
178.333,0.052,0.740
178.400,0.052,0.740
178.433,0.052,0.740
178.500,0.052,0.740
